date;holiday_name;message
01-01-2025;Nowy Rok;Początki świętowania Nowego Roku sięgają starożytnej Mezopotamii, gdzie kapłani wyznaczali nowy cykl czasu na podstawie obserwacji nieba. W Rzymie przez wieki rok zaczynał się w marcu, a dopiero reforma Juliusza Cezara w 46 r. p.n.e. ustanowiła 1 stycznia początkiem roku, poświęconym Janusowi – bogu przejść i nowych początków. W średniowieczu Europa długo nie miała jednej daty rozpoczęcia roku, co powodowało chaos administracyjny. Dopiero kalendarz gregoriański w XVI wieku uporządkował rachubę czasu. W kulturze ludowej wierzono, że to, co wydarzy się tego dnia, zadecyduje o całym roku, dlatego należało być radosnym, sytym i w dobrym towarzystwie.
06-01-2025;Trzech Króli;Święto Objawienia Pańskiego obchodzono już w IV wieku, pierwotnie jako jedno z najważniejszych świąt chrześcijańskich. Trzej mędrcy ze Wschodu zostali nazwani królami dopiero w średniowieczu i symbolizowali znany wówczas świat. W miastach organizowano barwne pochody, a w domach pisano kredą K+M+B jako znak błogosławieństwa. Zwyczaj ten miał chronić dom przed chorobami i nieszczęściami. Współcześnie święto odzyskało charakter publiczny dzięki orszakom ulicznym.
21-01-2025;Dzień Babci;Dzień Babci powstał w Polsce w 1964 roku i szybko stał się stałym elementem kultury rodzinnej. Babcia w tradycji ludowej była strażniczką pamięci, opowieści i domowych rytuałów. To ona przekazywała dzieciom bajki, modlitwy i wierzenia. W czasach PRL święto spopularyzowały szkoły i przedszkola. Dziś podkreśla znaczenie relacji międzypokoleniowych w szybko zmieniającym się świecie.
22-01-2025;Dzień Dziadka;Dzień Dziadka pojawił się jako naturalne dopełnienie Dnia Babci. W dawnej kulturze dziadek był symbolem mądrości i żywej historii rodziny. Opowiadał o wojnach, dawnych obyczajach i trudach życia. Przez długi czas jego rola była mniej widoczna w kulturze popularnej. Współczesne święto przywraca mu należne miejsce w rodzinnej pamięci.
02-02-2025;Ofiarowanie Pańskie;Święto znane już w IV wieku, pierwotnie obchodzone jako procesja światła w Jerozolimie. W Polsce przyjęło formę święta Matki Boskiej Gromnicznej. Gromnica miała chronić dom przed burzami, wilkami i chorobami. Zapalana była także przy konających jako symbol światła prowadzącego duszę. Święto zamyka okres Bożego Narodzenia.
12-02-2025;Tłusty czwartek;Zwyczaj ten wywodzi się z pogańskich obrzędów pożegnania zimy. Spożywanie tłustych potraw miało zapewnić siłę i dobrobyt. Dawne pączki były słone i nadziewane słoniną. Dopiero w XVIII wieku pojawiła się wersja słodka. Do dziś wierzono, że pominięcie pączka przynosi pecha.
14-02-2025;Walentynki;Święto wywodzi się z legend o św. Walentym, który potajemnie udzielał ślubów zakochanym. W średniowieczu wierzono, że tego dnia ptaki dobierają się w pary. Do Polski trafiło dopiero pod koniec XX wieku. Dziś ma charakter globalny i symbolizuje miłość romantyczną.
17-02-2025;Ostatki;Ostatki były w kulturze ludowej czasem hałaśliwej zabawy przed postem. Przebieranki, tańce i symboliczne pogrzeby karnawału miały odgonić złe moce. Był to moment odwrócenia porządku społecznego. Zwyczaj miał charakter przejścia między chaosem a umiarem.
18-02-2025;Popielec;Posypywanie głowy popiołem było znakiem pokuty już w starożytnych kulturach Bliskiego Wschodu. W średniowieczu miało bardzo surowy charakter. Popiół przypominał o przemijaniu i równości wszystkich wobec śmierci. Popielec rozpoczyna okres Wielkiego Postu.
01-03-2025;Żołnierze Wyklęci;Święto ustanowione w 2011 roku ku pamięci żołnierzy podziemia niepodległościowego po 1945 roku. Przez dekady ich losy były przemilczane lub fałszowane. Po 1989 roku rozpoczęto odkrywanie archiwów i miejsc pochówku. Święto przypomina o trudnej i niejednoznacznej historii powojennej Polski.
08-03-2025;Dzień Kobiet;Święto wywodzi się z ruchów robotniczych i walki o prawa kobiet na początku XX wieku. W PRL miało charakter oficjalny i symboliczny. Po 1989 roku zmieniło formę i znaczenie. Dziś łączy refleksję społeczną z prywatnymi gestami.
10-03-2025;Dzień Mężczyzn;Dzień Mężczyzn ma charakter symboliczny i refleksyjny. Nawiązuje do zmieniającej się roli mężczyzny w społeczeństwie. Tradycyjny model oparty na sile ustępuje miejsca większej wrażliwości. Święto bywa obchodzone z humorem.
20-03-2025;Początek astronomicznej wiosny;Równonoc wiosenna była czczona przez wiele kultur jako zwycięstwo światła nad ciemnością. U Słowian wiązała się z obrzędem topienia Marzanny. Symbolizuje odrodzenie i nowy cykl natury. Dzień ten ma znaczenie uniwersalne.
29-03-2025;Zmiana czasu i Niedziela Palmowa;Zmiana czasu została wprowadzona w XX wieku z powodów ekonomicznych. Niedziela Palmowa upamiętnia wjazd Jezusa do Jerozolimy. W Polsce palmy miały chronić dom i zapewniać urodzaj. To połączenie nowoczesności i dawnej symboliki.
01-04-2025;Prima Aprilis;Zwyczaj robienia żartów 1 kwietnia znany był już w XVI-wiecznej Europie, choć jego dokładna geneza nie jest jednoznaczna. Jedna z teorii wiąże go z reformą kalendarza gregoriańskiego, gdy osoby świętujące Nowy Rok według starej daty stawały się obiektem kpin. Z czasem dzień ten stał się społecznie akceptowanym momentem kontrolowanego chaosu. W wielu krajach media publikowały fałszywe informacje, które następnie ujawniano jako żart. W kulturze ludowej dzień ten pozwalał chwilowo zawiesić normy prawdomówności. Do dziś pozostaje świętem humoru i dystansu do rzeczywistości.
02-04-2025;Wielki Czwartek;Wielki Czwartek upamiętnia Ostatnią Wieczerzę Jezusa z apostołami i ustanowienie Eucharystii. W średniowieczu dzień ten miał silny wymiar wspólnotowy – biskupi obmywali nogi ubogim, naśladując gest Chrystusa. W liturgii symbolicznie milkną dzwony, co w kulturze ludowej tłumaczono ich „odlotem do Rzymu”. W dawnych wsiach ich rolę przejmowały drewniane kołatki. Dzień ten rozpoczyna Triduum Paschalne. Ma charakter skupiony i refleksyjny.
03-04-2025;Wielki Piątek;Wielki Piątek jest dniem ciszy i zadumy, poświęconym męce i śmierci Jezusa. Już od pierwszych wieków chrześcijaństwa był dniem postu i modlitwy. W tradycji ludowej unikano tego dnia prac w polu i gospodarstwie, wierząc, że może to przynieść nieszczęście. Nie odprawia się mszy świętej, co podkreśla wyjątkowość dnia. Krzyż staje się centralnym symbolem. Jest to jeden z najbardziej ascetycznych dni roku.
04-04-2025;Wielka Sobota;Wielka Sobota była w tradycji dniem oczekiwania i ciszy, ale także intensywnych przygotowań. Zwyczaj święcenia pokarmów pojawił się w Polsce w średniowieczu i szybko stał się jednym z najważniejszych elementów kultury religijnej. Każdy produkt w koszyku miał znaczenie symboliczne – chleb, jajko, sól czy chrzan. Ogień i woda święcone tej nocy miały właściwości ochronne. Wierzono, że popiół z ogniska chroni dom przed pożarem. Dzień łączy sacrum z codziennością.
05-04-2025;Wielkanoc;Wielkanoc jest najstarszym i najważniejszym świętem chrześcijańskim, obchodzonym już w II wieku. Jej data była przedmiotem sporów teologicznych, zanim ustalono ją jako pierwszą niedzielę po wiosennej pełni księżyca. W tradycji ludowej święto symbolizowało zwycięstwo życia nad śmiercią i odrodzenie natury. Jajko, jako symbol nowego życia, obecne było w obrzędach jeszcze przed chrześcijaństwem. Wielkanoc łączy elementy religijne z dawnymi rytuałami agrarnymi. Do dziś pozostaje centralnym punktem roku liturgicznego.
06-04-2025;Poniedziałek Wielkanocny;Drugi dzień Wielkanocy znany jest w Polsce jako Śmigus-Dyngus. Zwyczaj polewania wodą ma przedchrześcijańskie korzenie i wiązał się z rytuałami oczyszczającymi oraz zapewnianiem płodności. Dawniej oblewano głównie dziewczęta, co miało wróżyć szybkie zamążpójście. Z czasem obrzęd nabrał charakteru zabawy. W niektórych regionach towarzyszyły mu pochody i śpiewy. Dzień ten symbolizuje radość i wspólnotowość.
12-04-2025;Święto Bożego Miłosierdzia;Święto zostało ustanowione w 2000 roku przez Jana Pawła II, choć kult miłosierdzia rozwijał się wcześniej dzięki objawieniom św. Faustyny Kowalskiej. Idea miłosierdzia wpisywała się w doświadczenia XX wieku naznaczonego wojnami. Obraz Jezusa Miłosiernego stał się jednym z najbardziej rozpoznawalnych symboli religijnych w Polsce. Święto szybko zyskało popularność na całym świecie. Jest przykładem współczesnego rozwoju tradycji religijnej.
22-04-2025;Dzień Ziemi;Dzień Ziemi narodził się w 1970 roku w Stanach Zjednoczonych jako odpowiedź na rosnące problemy ekologiczne. Początkowo był ruchem oddolnym, łączącym naukowców, studentów i aktywistów. Z czasem przekształcił się w globalne święto środowiska. Jego celem jest uświadamianie wpływu człowieka na planetę. W Polsce obchodzony jest od lat 90. XX wieku. Łączy edukację z działaniami symbolicznymi.
01-05-2025;Święto Pracy;Międzynarodowe Święto Pracy upamiętnia robotnicze protesty w Chicago z 1886 roku i walkę o ośmiogodzinny dzień pracy. W Europie szybko stało się symbolem ruchu robotniczego. W Polsce w okresie PRL miało charakter oficjalny i propagandowy. Po 1989 roku jego znaczenie uległo zmianie. Dziś jest dniem wolnym od pracy, ale także okazją do refleksji nad prawami pracowniczymi.
02-05-2025;Dzień Flagi RP;Święto ustanowione w 2004 roku w celu popularyzacji symboli narodowych. Data nawiązuje do wydarzeń z 1945 roku, gdy polską flagę zawieszono w Berlinie. Wcześniej barwy narodowe funkcjonowały głównie przy okazji świąt państwowych. Dzień Flagi ma charakter edukacyjny. Podkreśla znaczenie symboliki narodowej w nowoczesnym państwie.
03-05-2025;Święto Konstytucji 3 Maja;Konstytucja uchwalona w 1791 roku była pierwszą w Europie i drugą na świecie. Miała zreformować upadającą Rzeczpospolitą. Święto było zakazane w okresie zaborów i PRL. Powróciło po 1989 roku jako symbol suwerenności. Upamiętnia próbę nowoczesnego myślenia o państwie. Jest jednym z najważniejszych świąt narodowych.
17-05-2025;Wniebowstąpienie;Święto obchodzone od IV wieku, upamiętniające wniebowstąpienie Chrystusa czterdzieści dni po zmartwychwstaniu. W tradycji ludowej wiązano je z ochroną pól i urodzaju. Dawniej unikano prac rolnych w tym dniu. Święto miało charakter przejścia między ziemią a niebem. Obecnie obchodzone głównie w wymiarze liturgicznym.
24-05-2025;Zesłanie Ducha Świętego;Zielone Świątki łączą chrześcijańskie święto z dawnymi obrzędami wiosennymi. Zielone gałęzie w domach miały zapewnić zdrowie i płodność. Święto symbolizuje narodziny Kościoła. W kulturze ludowej wiązało się z tańcami i śpiewami. Jest jednym z najstarszych świąt chrześcijańskich.
26-05-2025;Dzień Matki;Dzień Matki ma swoje korzenie w starożytnych kultach matek-bogiń. Współczesna forma święta powstała na początku XX wieku w USA. W Polsce obchodzony jest od 1914 roku. Podkreśla emocjonalny i społeczny wymiar macierzyństwa. Jest jednym z najbardziej uniwersalnych świąt rodzinnych.
01-06-2025;Dzień Dziecka;Święto ustanowione po II wojnie światowej jako wyraz troski o prawa dziecka. W Polsce obchodzone od 1950 roku. Miało podkreślać potrzebę ochrony najmłodszych po traumach wojennych. Z czasem nabrało radosnego charakteru. Dziś łączy zabawę z edukacją.
04-06-2025;Boże Ciało;Święto ustanowione w XIII wieku w Belgii, a szybko przyjęte w całej Europie. Procesje uliczne miały manifestować obecność sacrum w przestrzeni publicznej. W Polsce stały się elementem tożsamości religijnej. Ołtarze zdobiono kwiatami i ziołami o właściwościach ochronnych. Święto łączy liturgię z ludową symboliką.
21-06-2025;Pierwszy Dzień Lata;Przesilenie letnie było czczone już w kulturach pogańskich jako apogeum światła. Ognie i zabawy miały zapewnić urodzaj. Chrześcijaństwo powiązało ten czas z postacią św. Jana. To najdłuższy dzień w roku. Symbolizuje pełnię życia.
23-06-2025;Dzień Ojca;Święto narodziło się w USA na początku XX wieku jako odpowiednik Dnia Matki. W Polsce obchodzone jest od lat 60. XX wieku. Podkreśla rolę ojca w wychowaniu. Z czasem zmieniło charakter z formalnego na bardziej rodzinny. Jest okazją do refleksji nad ojcostwem.
01-08-2025;Powstanie Warszawskie;Rocznica wybuchu Powstania Warszawskiego w 1944 roku. Przez lata była tematem tabu w PRL. Po 1989 roku stała się ważnym elementem pamięci narodowej. Godzina „W” symbolizuje zbiorowe zatrzymanie czasu. Święto ma charakter refleksyjny i hołdowy.
15-08-2025;Wojsko Polskie i Wniebowzięcie NMP;Data łączy zwycięstwo nad Armią Czerwoną w 1920 roku z jednym z najstarszych świąt maryjnych. Bitwa Warszawska została nazwana „Cudem nad Wisłą”. Święto religijne i państwowe przenikają się. W kulturze ludowej dzień ten kończył żniwa. Ma podwójny wymiar symboliczny.
31-08-2025;Solidarność i Wolność;Święto upamiętnia porozumienia sierpniowe z 1980 roku. Narodziny „Solidarności” zapoczątkowały zmiany w Europie Środkowo-Wschodniej. Przez lata było symbolem oporu obywatelskiego. Po 1989 roku nabrało charakteru refleksyjnego. Przypomina o sile wspólnoty.
23-09-2025;Początek Jesieni;Równonoc jesienna symbolizowała zamknięcie cyklu wegetacyjnego. W kulturze ludowej wiązano ją z podziękowaniem za plony. Dzień i noc trwają wtedy tyle samo. To moment przejścia ku zimie. Ma charakter symboliczny.
30-09-2025;Dzień Chłopaka;Święto pojawiło się w Polsce pod koniec XX wieku. Jest odpowiedzią kulturową na Dzień Kobiet. Ma charakter towarzyski i szkolny. Nie posiada głębokiej tradycji historycznej. Funkcjonuje głównie jako zwyczaj.
14-10-2025;Dzień Nauczyciela;Święto upamiętnia powołanie Komisji Edukacji Narodowej w 1773 roku. Była to pierwsza państwowa instytucja oświatowa w Europie. Dzień ten podkreśla rolę nauczycieli w kształtowaniu społeczeństwa. W PRL miał charakter oficjalny. Dziś jest dniem wdzięczności.
25-10-2025;Zmiana czasu zimowego;Zmiana czasu miała na celu oszczędność energii. Wprowadzona została w XX wieku. Budzi kontrowersje ze względu na wpływ na zdrowie. Symbolizuje ingerencję administracyjną w rytm życia. Coraz częściej dyskutuje się o jej zniesieniu.
01-11-2025;Wszystkich Świętych;Święto wywodzi się z tradycji wczesnochrześcijańskiej. W Polsce połączone jest z odwiedzaniem cmentarzy. Ma charakter refleksyjny i wspólnotowy. Światło zniczy symbolizuje pamięć. Jest jednym z najbardziej zakorzenionych świąt.
02-11-2025;Dzień Zaduszny;Zaduszki poświęcone są modlitwie za zmarłych. W średniowieczu miały charakter surowy i pokutny. W kulturze ludowej wierzono, że dusze odwiedzają domy. Zostawiano im jedzenie. Dzień ten podkreśla więź żywych z umarłymi.
11-11-2025;Święto Niepodległości;Upamiętnia odzyskanie niepodległości w 1918 roku po 123 latach zaborów. Postać Józefa Piłsudskiego odegrała kluczową rolę. Święto było zakazane w PRL. Przywrócono je w 1989 roku. Symbolizuje wolność i suwerenność.
29-11-2025;Andrzejki;Zwyczaj wróżb andrzejkowych sięga średniowiecza. Początkowo był praktykowany przez niezamężne dziewczęta. Wróżby miały pomóc w wyborze przyszłego męża. Z czasem stały się zabawą towarzyską. To ostatni dzień zabawy przed Adwentem.
04-12-2025;Barbórka;Święto górników obchodzone od XIX wieku. Św. Barbara była patronką dobrej śmierci i chroniła przed nagłą katastrofą. Górnicze mundury i orkiestry są ważnym elementem tradycji. Święto ma charakter zawodowy i regionalny. Jest szczególnie ważne na Śląsku.
06-12-2025;Święty Mikołaj;Postać św. Mikołaja wywodzi się z biskupa z Miry żyjącego w IV wieku. Znany był z pomocy ubogim. Z czasem jego wizerunek uległ komercjalizacji. W kulturze ludowej przynosił prezenty dzieciom grzecznym. Dzień ten zapowiada okres świąteczny.
21-12-2025;Początek Zimy;Przesilenie zimowe było czczone w kulturach pogańskich jako moment narodzin światła. Dzień jest najkrótszy w roku. Symbolizuje koniec jednego cyklu i początek nowego. Wiele świąt zimowych nawiązuje do tego momentu. Ma znaczenie kosmologiczne.
24-12-2025;Wigilia;Wigilia łączy chrześcijańskie i przedchrześcijańskie tradycje. Wieczerza miała charakter rytualny i wspólnotowy. Dodatkowe nakrycie było przeznaczone dla dusz lub wędrowca. Wierzono, że tej nocy zwierzęta mówią ludzkim głosem. To jedno z najbardziej symbolicznych dni w roku.
25-12-2025;Boże Narodzenie;Święto Narodzenia Chrystusa zaczęto obchodzić w IV wieku. Data nawiązuje do pogańskich świąt światła. Z czasem stało się centralnym świętem rodzinnym. Tradycje różniły się regionalnie. Symbolizuje narodziny nadziei.
26-12-2025;Drugi Dzień Bożego Narodzenia;Dzień poświęcony św. Szczepanowi, pierwszemu męczennikowi chrześcijaństwa. W kulturze ludowej symbolizował oczyszczenie i nowy początek. Dawniej obsypywano się owsem. Dzień miał charakter bardziej swobodny. Do dziś jest dniem spotkań rodzinnych.
27-12-2025;Powstanie Wielkopolskie;Święto upamiętnia zwycięskie powstanie z lat 1918–1919. Było jednym z nielicznych udanych zrywów niepodległościowych. Przez lata pozostawało w cieniu innych wydarzeń. Dopiero niedawno uzyskało rangę święta państwowego. Symbolizuje skuteczność i organizację.
31-12-2025;Sylwester;Nazwa pochodzi od papieża Sylwestra I, którego wspomnienie przypada na ten dzień. W średniowieczu obawiano się końca świata. Z czasem noc ta stała się czasem zabawy i pożegnania starego roku. Fajerwerki miały odstraszać złe moce. Dziś to globalny rytuał przejścia.

